orbit_type,season,season_key,epoch_utc,time_s,in_eclipse,+X_direct,+X_albedo,+X_ir,+X,-X_direct,-X_albedo,-X_ir,-X,+Y_direct,+Y_albedo,+Y_ir,+Y,-Y_direct,-Y_albedo,-Y_ir,-Y,+Z_direct,+Z_albedo,+Z_ir,+Z,-Z_direct,-Z_albedo,-Z_ir,-Z
dawn_dusk,夏至,summer,2026-06-21T00:00:00+00:00,0.0,False,73.40453934540307,2.8609626543450644e-19,1.897899021251265e-18,73.40453934540307,0.0,0.0,0.0,0.0,0.0,2.734782835199345e-18,1.8141941344032595e-17,2.087672417923194e-17,262.11564929147056,0.0,0.0,262.11564929147056,9.491250967131477e-14,8.49319408780215,56.34196140958284,64.83515549738507,0.0,0.0,0.0,0.0
dawn_dusk,夏至,summer,2026-06-21T00:00:30+00:00,30.0,False,73.36579426887486,0.0,0.0,73.36579426887486,0.0,7.582699168163452e-17,5.0301940529855185e-16,5.788463969801864e-16,0.0,7.747153337852636e-18,5.1392892930858267e-17,5.914004626871091e-17,262.11564929147056,0.0,0.0,262.11564929147056,0.0,8.493194087802143,56.34196140958283,64.83515549738497,2.384665135392305,0.0,0.0,2.384665135392305
dawn_dusk,夏至,summer,2026-06-21T00:01:00+00:00,60.0,False,73.24959994087394,0.0,0.0,73.24959994087394,0.0,2.940403571675363e-16,1.9505983597132677e-15,2.244638716880804e-15,0.0,2.0772706928380728e-17,1.378015196676459e-16,1.5857422659602662e-16,262.11564929147056,0.0,0.0,262.11564929147056,0.0,8.493194087802143,56.34196140958284,64.83515549738497,4.766812877882608,0.0,0.0,4.766812877882608
dawn_dusk,夏至,summer,2026-06-21T00:01:30+00:00,90.0,False,73.0560790229733,0.0,0.0,73.0560790229733,0.0,3.174486347765828e-17,2.1058836693481726e-16,2.4233323041247554e-16,0.0,2.8235232988637213e-17,1.8730625851599374e-16,2.1554149150463096e-16,262.11564929147056,0.0,0.0,262.11564929147056,0.0,8.493194087802143,56.34196140958284,64.83515549738497,7.143928492076862,0.0,0.0,7.143928492076862
dawn_dusk,夏至,summer,2026-06-21T00:02:00+00:00,120.0,False,72.78543580724644,0.0,0.0,72.78543580724644,0.0,6.644746567434557e-16,4.407977149804389e-15,5.072451806547845e-15,0.0,5.892540040338641e-17,3.908980062447803e-16,4.498234066481668e-16,262.11564929147056,0.0,0.0,262.11564929147056,0.0,8.493194087802143,56.34196140958284,64.83515549738497,9.513502554791984,0.0,0.0,9.513502554791984
dawn_dusk,夏至,summer,2026-06-21T00:02:30+00:00,150.0,False,72.43795600060466,0.0,0.0,72.43795600060466,0.0,4.975557874216363e-16,3.300674479379388e-15,3.798230266801025e-15,0.0,4.5253391308149083e-17,3.0020093740684613e-16,3.454543287149952e-16,262.11564929147056,0.0,0.0,262.11564929147056,0.0,8.493194087802143,56.34196140958283,64.83515549738497,11.873033604150612,0.0,0.0,11.873033604150612
dawn_dusk,夏至,summer,2026-06-21T00:03:00+00:00,180.0,False,72.01400642318798,0.0,0.0,72.01400642318798,0.0,2.4484130359374294e-16,1.6242227760181126e-15,1.8690640796118557e-15,0.0,6.379871897753329e-17,4.2322651825129684e-16,4.870252372288302e-16,262.11564929147056,0.0,0.0,262.11564929147056,0.0,8.493194087802143,56.34196140958284,64.83515549738497,14.220030780271504,0.0,0.0,14.220030780271504
dawn_dusk,夏至,summer,2026-06-21T00:03:30+00:00,210.0,False,71.51403462112819,0.0,0.0,71.51403462112819,0.0,7.612784781817967e-16,5.050152180234026e-15,5.811430658415823e-15,0.0,9.477031868255768e-18,6.286852252270019e-17,7.234555439095596e-17,262.11564929147056,0.0,0.0,262.11564929147056,0.0,8.493194087802143,56.34196140958284,64.83515549738497,16.552016454767877,0.0,0.0,16.552016454767877
dawn_dusk,夏至,summer,2026-06-21T00:04:00+00:00,240.0,False,70.93856839409288,0.0,0.0,70.93856839409288,0.0,4.185695319424941e-16,2.7766972204015575e-15,3.1952667523440514e-15,0.0,5.2333490737887824e-17,3.471687430077161e-16,3.9950223374560395e-16,262.11564929147056,0.0,0.0,262.11564929147056,0.0,8.493194087802147,56.34196140958285,64.835155497385,18.8665288462778,0.0,0.0,18.8665288462778
dawn_dusk,夏至,summer,2026-06-21T00:04:30+00:00,270.0,False,70.28821523810903,0.0,0.0,70.28821523810903,0.0,8.684147566566796e-16,5.760870433578479e-15,6.629285190235159e-15,0.0,5.974326353137831e-17,3.9632352841220853e-16,4.560667919435868e-16,262.11564929147056,0.0,0.0,262.11564929147056,0.0,8.493194087802143,56.34196140958284,64.83515549738497,21.16112461926551,0.0,0.0,21.16112461926551
dawn_dusk,夏至,summer,2026-06-21T00:05:00+00:00,300.0,False,69.56366170425433,0.0,0.0,69.56366170425433,0.0,6.89310790196497e-16,4.572734537673834e-15,5.2620453278703316e-15,0.0,0.0,0.0,0.0,262.11564929147056,1.6289895102289285e-17,1.0806354261201671e-16,262.11564929147056,0.0,8.493194087802147,56.34196140958285,64.835155497385,23.43338146335024,0.0,0.0,23.43338146335024
dawn_dusk,夏至,summer,2026-06-21T00:05:30+00:00,330.0,False,68.76567267389358,0.0,0.0,68.76567267389358,0.0,5.328464010909856e-16,3.53478456481057e-15,4.067630965901555e-15,0.0,2.591144404222859e-18,1.7189075925987692e-17,1.978022033021055e-17,262.11564929147056,0.0,0.0,262.11564929147056,0.0,8.493194087802143,56.34196140958284,64.83515549738497,25.680900650439668,0.0,0.0,25.680900650439668
dawn_dusk,夏至,summer,2026-06-21T00:06:00+00:00,360.0,False,67.89509055122483,0.0,0.0,67.89509055122483,0.0,7.235996219192977e-16,4.8001990243832926e-15,5.5237986463025906e-15,0.0,8.866533772015418e-17,5.881861387544604e-16,6.768514764746146e-16,262.11564929147056,0.0,0.0,262.11564929147056,0.0,8.493194087802143,56.34196140958284,64.83515549738497,27.901309566968518,0.0,0.0,27.901309566968518
dawn_dusk,夏至,summer,2026-06-21T00:06:30+00:00,390.0,False,66.9528343739879,0.0,0.0,66.9528343739879,0.0,1.2807119798017154e-15,8.495958551849318e-15,9.776670531651032e-15,0.0,3.9125397488845294e-17,2.595491887577436e-16,2.986745862465889e-16,262.11564929147056,0.0,0.0,262.11564929147056,0.0,8.493194087802143,56.34196140958283,64.83515549738497,30.092264218569063,0.0,0.0,30.092264218569063
dawn_dusk,夏至,summer,2026-06-21T00:07:00+00:00,420.0,False,65.93989884327408,0.0,0.0,65.93989884327408,0.0,6.067780565454472e-16,4.025230730940724e-15,4.632008787486171e-15,0.0,6.8182538201473e-17,4.523078003918436e-16,5.204903385933166e-16,262.11564929147056,0.0,0.0,262.11564929147056,0.0,8.493194087802143,56.34196140958284,64.83515549738497,32.25145170452964,0.0,0.0,32.25145170452964
dawn_dusk,夏至,summer,2026-06-21T00:07:30+00:00,450.0,False,64.8573532734611,0.0,0.0,64.8573532734611,0.0,3.282797659142469e-16,2.1777349853868383e-15,2.5060147513010855e-15,0.0,1.8875790870340107e-16,1.252178002524924e-15,1.4409359112283251e-15,262.11564929147056,0.0,0.0,262.11564929147056,0.0,8.493194087802149,56.341961409582865,64.83515549738502,34.37659265942876,0.0,0.0,34.37659265942876
dawn_dusk,夏至,summer,2026-06-21T00:08:00+00:00,480.0,False,63.70634046338189,0.0,0.0,63.70634046338189,0.0,1.5135769337044535e-15,1.0040732886545764e-14,1.1554309820250218e-14,0.0,9.196543283464447e-17,6.100782360816136e-16,7.020436689162581e-16,262.11564929147056,0.0,0.0,262.11564929147056,0.0,8.493194087802143,56.34196140958284,64.83515549738497,36.46544365936742,0.0,0.0,36.46544365936742
dawn_dusk,夏至,summer,2026-06-21T00:08:30+00:00,510.0,False,62.48807548991883,0.0,0.0,62.48807548991883,0.0,7.373567449046445e-16,4.8914607198460734e-15,5.628817464750718e-15,0.0,3.75105262329675e-17,2.4883649185720025e-16,2.8634701809016775e-16,262.11564929147056,0.0,0.0,262.11564929147056,0.0,8.493194087802143,56.34196140958284,64.83515549738497,38.51579959025949,0.0,0.0,38.51579959025949
dawn_dusk,夏至,summer,2026-06-21T00:09:00+00:00,540.0,False,61.20384442529716,0.0,0.0,61.20384442529716,0.0,1.4080570654866059e-15,9.340737539493388e-15,1.0748794604979995e-14,0.0,1.3695230952695203e-16,9.085111747773036e-16,1.0454634843042556e-15,262.11564929147056,0.0,0.0,262.11564929147056,0.0,8.493194087802147,56.34196140958285,64.835155497385,40.52549597567992,0.0,0.0,40.52549597567992
dawn_dusk,夏至,summer,2026-06-21T00:09:30+00:00,570.0,False,59.85500297943135,0.0,0.0,59.85500297943135,0.0,8.533195660283762e-16,5.6607322948455335e-15,6.5140518608739095e-15,0.0,1.479814168421549e-16,9.816758207645839e-16,1.1296572376067388e-15,262.11564929147056,0.0,0.0,262.11564929147056,0.0,8.493194087802147,56.34196140958285,64.835155497385,42.49241126181347,0.0,0.0,42.49241126181347
dawn_dusk,夏至,summer,2026-06-21T00:10:00+00:00,600.0,False,58.442975068757896,0.0,0.0,58.442975068757896,0.0,1.0956966476943645e-15,7.268607970429711e-15,8.364304618124076e-15,0.0,6.633887954451821e-17,4.400773787355465e-16,5.064162582800647e-16,262.11564929147056,0.0,0.0,262.11564929147056,0.0,8.493194087802143,56.34196140958284,64.83515549738497,44.41446905709186,0.0,0.0,44.41446905709186
dawn_dusk,夏至,summer,2026-06-21T00:10:30+00:00,630.0,False,56.96925131306537,2.467748393507504e-17,1.6370494223750846e-16,56.96925131306537,0.0,0.0,0.0,0.0,0.0,4.3045688132720814e-17,2.8555552534774396e-16,3.2860121348046475e-16,262.11564929147056,0.0,0.0,262.11564929147056,0.0,8.493194087802147,56.34196140958285,64.835155497385,46.28964032415488,0.0,0.0,46.28964032415488
dawn_dusk,夏至,summer,2026-06-21T00:11:00+00:00,660.0,False,55.43538746190838,0.0,0.0,55.43538746190838,0.0,9.50206808729381e-16,6.3034607233858414e-15,7.253667532115223e-15,0.0,0.0,0.0,0.0,262.11564929147056,3.2702055554817905e-17,2.1693816637603568e-16,262.11564929147056,0.0,8.493194087802147,56.34196140958285,64.835155497385,48.11594552182175,0.0,0.0,48.11594552182175
dawn_dusk,夏至,summer,2026-06-21T00:11:30+00:00,690.0,False,53.843002752266685,0.0,0.0,53.843002752266685,0.0,7.003354869628456e-16,4.645869925060549e-15,5.346205412023394e-15,0.0,5.5193501234082766e-17,3.661414168147404e-16,4.213349180488232e-16,262.11564929147056,0.0,0.0,262.11564929147056,0.0,8.493194087802143,56.34196140958284,64.83515549738497,49.89145669481126,0.0,0.0,49.89145669481126
dawn_dusk,夏至,summer,2026-06-21T00:12:00+00:00,720.0,False,52.193778199183484,0.0,0.0,52.193778199183484,0.0,1.5088168919675162e-15,1.0009155827894097e-14,1.1517972719861613e-14,0.0,0.0,0.0,0.0,262.11564929147056,1.5444023104537032e-17,1.0245221582940492e-16,262.11564929147056,0.0,8.493194087802143,56.34196140958284,64.83515549738497,51.61429950900492,0.0,0.0,51.61429950900492
dawn_dusk,夏至,summer,2026-06-21T00:12:30+00:00,750.0,False,50.489454821186776,0.0,0.0,50.489454821186776,0.0,1.3226773756214722e-15,8.77434765815861e-15,1.0097025033780081e-14,0.0,7.794890174680329e-17,5.170956849373328e-16,5.950445866841362e-16,262.11564929147056,0.0,0.0,262.11564929147056,0.0,8.493194087802143,56.34196140958284,64.83515549738497,53.282655230104346,0.0,0.0,53.282655230104346
dawn_dusk,夏至,summer,2026-06-21T00:13:00+00:00,780.0,False,48.73183180236788,0.0,0.0,48.73183180236788,0.0,6.44963509975825e-16,4.27854453977875e-15,4.923508049754575e-15,0.0,3.288001010716696e-17,2.1811867731425972e-16,2.5099868742142667e-16,262.11564929147056,0.0,0.0,262.11564929147056,0.0,8.493194087802143,56.34196140958284,64.83515549738497,54.89476264359426,0.0,0.0,54.89476264359426
dawn_dusk,夏至,summer,2026-06-21T00:13:30+00:00,810.0,False,46.922764593056684,0.0,0.0,46.922764593056684,0.0,1.352163800287181e-15,8.969954044100963e-15,1.0322117844388144e-14,0.0,2.16280571501802e-17,1.434757228814306e-16,1.6510378003161079e-16,262.11564929147056,0.0,0.0,262.11564929147056,0.0,8.493194087802143,56.34196140958284,64.83515549738497,56.4489199139843,0.0,0.0,56.4489199139843
dawn_dusk,夏至,summer,2026-06-21T00:14:00+00:00,840.0,False,45.06416295109906,0.0,0.0,45.06416295109906,0.0,1.5345931327631362e-15,1.0180149678873752e-14,1.1714742811636887e-14,0.0,1.1966637071106422e-16,7.938400996052547e-16,9.13506470316319e-16,262.11564929147056,0.0,0.0,262.11564929147056,0.0,8.493194087802143,56.34196140958284,64.83515549738497,57.94348638136661,0.0,0.0,57.94348638136661
dawn_dusk,夏至,summer,2026-06-21T00:14:30+00:00,870.0,False,43.157988925804084,0.0,0.0,43.157988925804084,0.0,2.785453341652687e-16,1.847807821900387e-15,2.1263531560656558e-15,0.0,5.32166716921171e-18,3.530275691132363e-17,4.062442408053534e-17,262.11564929147056,0.0,0.0,262.11564929147056,0.0,8.493194087802143,56.34196140958284,64.83515549738497,59.37688429339315,0.0,0.0,59.37688429339315
dawn_dusk,夏至,summer,2026-06-21T00:15:00+00:00,900.0,False,41.206254786689314,0.0,0.0,41.206254786689314,0.0,7.157262136613334e-16,4.747968584380842e-15,5.463694798042175e-15,0.0,0.0,0.0,0.0,262.11564929147056,4.8088207619684964e-18,3.190064785939006e-17,262.11564929147056,0.0,8.493194087802143,56.34196140958284,64.83515549738497,60.74760047084387,0.0,0.0,60.74760047084387
dawn_dusk,夏至,summer,2026-06-21T00:15:30+00:00,930.0,False,39.21102089921052,0.0,0.0,39.21102089921052,0.0,1.4912732977523048e-15,9.892775524083729e-15,1.1384048821836034e-14,0.0,0.0,0.0,0.0,262.11564929147056,1.650461855673238e-17,1.0948797027243484e-16,262.11564929147056,0.0,8.493194087802147,56.34196140958285,64.835155497385,62.05418790502784,0.0,0.0,62.05418790502784
dawn_dusk,夏至,summer,2026-06-21T00:16:00+00:00,960.0,False,37.174393549718665,0.0,0.0,37.174393549718665,0.0,4.496639725702968e-16,2.9829708267495297e-15,3.4326347993198266e-15,0.0,1.0137070640604017e-16,6.724707300159274e-16,7.738414364219676e-16,262.11564929147056,0.0,0.0,262.11564929147056,0.0,8.493194087802147,56.34196140958285,64.835155497385,63.295267285330766,0.0,0.0,63.295267285330766
dawn_dusk,夏至,summer,2026-06-21T00:16:30+00:00,990.0,False,35.09852272194012,0.0,0.0,35.09852272194012,0.0,8.397615761653824e-16,5.570791604246057e-15,6.410553180411439e-15,0.0,3.164323849680333e-17,2.0991420940463642e-16,2.4155744790143977e-16,262.11564929147056,0.0,0.0,262.11564929147056,0.0,8.493194087802147,56.34196140958285,64.835155497385,64.46952845529647,0.0,0.0,64.46952845529647
dawn_dusk,夏至,summer,2026-06-21T00:17:00+00:00,1020.0,False,32.98559982732712,0.0,0.0,32.98559982732712,0.0,8.8781911639141225e-16,5.889594642168288e-15,6.7774137585597e-15,0.0,1.0945224992817145e-17,7.260818930891611e-17,8.355341430173326e-17,262.11564929147056,0.0,0.0,262.11564929147056,0.0,8.493194087802147,56.34196140958285,64.835155497385,65.57573179570521,0.0,0.0,65.57573179570521
dawn_dusk,夏至,summer,2026-06-21T00:17:30+00:00,1050.0,False,30.837855391674967,0.0,0.0,30.837855391674967,0.0,6.560582495277255e-16,4.352144575433218e-15,5.008202824960943e-15,0.0,3.430333055230427e-17,2.2756066872106963e-16,2.618639992733739e-16,262.11564929147056,0.0,0.0,262.11564929147056,0.0,8.493194087802147,56.34196140958285,64.835155497385,66.6127095331887,0.0,0.0,66.6127095331887
dawn_dusk,夏至,summer,2026-06-21T00:18:00+00:00,1080.0,False,28.65755670044757,0.0,0.0,28.65755670044757,0.0,1.0728043354131063e-15,7.116745460072251e-15,8.189549795485358e-15,0.0,0.0,0.0,0.0,262.11564929147056,1.9662186853791406e-17,1.3043457637867297e-16,262.11564929147056,0.0,8.493194087802147,56.34196140958285,64.835155497385,67.57936697300042,0.0,0.0,67.57936697300042
dawn_dusk,夏至,summer,2026-06-21T00:18:30+00:00,1110.0,False,26.44700540529752,0.0,0.0,26.44700540529752,0.0,1.099238388423058e-15,7.292103091039916e-15,8.391341479462973e-15,0.0,5.2398972926979043e-17,3.4760313729244004e-16,4.000021102194191e-16,262.11564929147056,0.0,0.0,262.11564929147056,0.0,8.493194087802147,56.34196140958285,64.835155497385,68.47468365463978,0.0,0.0,68.47468365463978
dawn_dusk,夏至,summer,2026-06-21T00:19:00+00:00,1140.0,False,24.20853509430709,0.0,0.0,24.20853509430709,0.0,8.90515086802435e-16,5.907479110518936e-15,6.797994197321371e-15,0.0,2.708856633636306e-16,1.7969952686660503e-15,2.067880932029681e-15,262.11564929147056,0.0,0.0,262.11564929147056,0.0,8.493194087802147,56.34196140958285,64.835155497385,69.29771442911036,0.0,0.0,69.29771442911036
dawn_dusk,夏至,summer,2026-06-21T00:19:30+00:00,1170.0,False,21.944508828515257,0.0,0.0,21.944508828515257,0.0,1.8380793477072278e-16,1.2193409759115864e-15,1.4031489106823092e-15,0.0,1.1533051124698958e-16,7.650769718494535e-16,8.80407483096443e-16,262.11564929147056,0.0,0.0,262.11564929147056,0.0,8.493194087802147,56.34196140958285,64.835155497385,70.04759045667484,0.0,0.0,70.04759045667484
dawn_dusk,夏至,summer,2026-06-21T00:20:00+00:00,1200.0,False,19.657316647331342,7.435285096259898e-17,4.932402834928369e-16,19.657316647331342,0.0,0.0,0.0,0.0,0.0,1.2526650086655555e-16,8.309901180609124e-16,9.56256618927468e-16,262.11564929147056,0.0,0.0,262.11564929147056,0.0,8.493194087802147,56.34196140958285,64.835155497385,70.72352012405332,0.0,0.0,70.72352012405332
dawn_dusk,夏至,summer,2026-06-21T00:20:30+00:00,1230.0,False,17.349373045468766,0.0,0.0,17.349373045468766,0.0,6.440846789703509e-16,4.2727145702662105e-15,4.9167992492365616e-15,0.0,2.7829273093978216e-16,1.846132108260128e-15,2.1244248391999103e-15,262.11564929147056,0.0,0.0,262.11564929147056,0.0,8.493194087802147,56.34196140958285,64.835155497385,71.32478988009701,0.0,0.0,71.32478988009701
dawn_dusk,夏至,summer,2026-06-21T00:21:00+00:00,1260.0,False,15.023114424062229,0.0,0.0,15.023114424062229,0.0,5.99844669086614e-16,3.979236179938493e-15,4.579080849025107e-15,0.0,1.5049434751944257e-16,9.983460442142096e-16,1.1488403917336523e-15,262.11564929147056,0.0,0.0,262.11564929147056,0.0,8.493194087802147,56.34196140958285,64.835155497385,71.85076498905464,0.0,0.0,71.85076498905464
dawn_dusk,夏至,summer,2026-06-21T00:21:30+00:00,1290.0,False,12.680996518659276,0.0,0.0,12.680996518659276,0.0,1.2928249194754658e-16,8.576313100750442e-16,9.869138020225908e-16,0.0,2.613173239268774e-16,1.733521032033028e-15,1.9948383559599055e-15,262.11564929147056,0.0,0.0,262.11564929147056,0.0,8.493194087802147,56.34196140958285,64.835155497385,72.30089020063707,0.0,0.0,72.30089020063707
dawn_dusk,夏至,summer,2026-06-21T00:22:00+00:00,1320.0,False,10.325491806801296,0.0,0.0,10.325491806801296,0.0,3.1218641391030305e-16,2.0709752659946637e-15,2.3831616799049667e-15,0.0,1.5857902911538418e-16,1.0519780245714584e-15,1.2105570536868426e-15,262.11564929147056,0.0,0.0,262.11564929147056,0.0,8.493194087802147,56.34196140958285,64.835155497385,72.67469033617209,0.0,0.0,72.67469033617209
dawn_dusk,夏至,summer,2026-06-21T00:22:30+00:00,1350.0,False,7.959086897930577,0.0,0.0,7.959086897930577,0.0,2.883152954313091e-16,1.912619572925238e-15,2.200934868356547e-15,0.0,0.0,0.0,0.0,262.11564929147056,1.404904216131512e-17,9.319822237799054e-17,262.11564929147056,0.0,8.493194087802147,56.34196140958285,64.835155497385,72.97177079023103,0.0,0.0,72.97177079023103
dawn_dusk,夏至,summer,2026-06-21T00:23:00+00:00,1380.0,False,5.584279908379169,0.0,0.0,5.584279908379169,0.0,1.5506510488500946e-16,1.0286674324270602e-15,1.1837325373120696e-15,0.0,2.2084898908583484e-16,1.4650630954366292e-15,1.685912084522464e-15,262.11564929147056,0.0,0.0,262.11564929147056,0.0,8.493194087802147,56.34196140958285,64.835155497385,73.19181794719748,0.0,0.0,73.19181794719748
dawn_dusk,夏至,summer,2026-06-21T00:23:30+00:00,1410.0,False,3.203577824210057,0.0,0.0,3.203577824210057,0.0,5.97300166683108e-17,3.9623565166760196e-16,4.559656683359128e-16,0.0,1.3775088554376587e-16,9.138087505370007e-16,1.0515596360807666e-15,262.11564929147056,0.0,0.0,262.11564929147056,0.0,8.493194087802147,56.34196140958285,64.835155497385,73.33459951233836,0.0,0.0,73.33459951233836
dawn_dusk,夏至,summer,2026-06-21T00:24:00+00:00,1440.0,False,0.8194938546951619,0.0,0.0,0.8194938546951619,0.0,3.370277157116076e-17,2.2357669395374836e-16,2.5727946552490914e-16,0.0,2.034646461126588e-16,1.3497392289619021e-15,1.553203875074561e-15,262.11564929147056,0.0,0.0,262.11564929147056,0.0,8.493194087802147,56.34196140958285,64.835155497385,73.39996475702794,0.0,0.0,73.39996475702794
dawn_dusk,夏至,summer,2026-06-21T00:24:30+00:00,1470.0,False,0.0,6.013601140441985e-17,3.9892893048801677e-16,4.590649418924366e-16,1.5654552207763328,0.0,0.0,1.5654552207763328,0.0,0.0,0.0,0.0,262.11564929147056,9.92527917695472e-17,6.584209551627359e-16,262.11564929147056,0.0,8.493194087802147,56.34196140958285,64.835155497385,73.3878446778659,0.0,0.0,73.3878446778659
dawn_dusk,夏至,summer,2026-06-21T00:25:00+00:00,1500.0,False,0.0,5.144630023894061e-17,3.4128331847392125e-16,3.9272961871286185e-16,3.948751709558466,0.0,0.0,3.948751709558466,0.0,6.801031646195677e-17,4.511653196594593e-16,5.1917563612141615e-16,262.11564929147056,0.0,0.0,262.11564929147056,0.0,8.493194087802147,56.34196140958285,64.835155497385,73.29825206952131,0.0,0.0,73.29825206952131
dawn_dusk,夏至,summer,2026-06-21T00:25:30+00:00,1530.0,False,0.0,2.0699664617285204e-16,1.3731697321427788e-15,1.5801663783156308e-15,6.327879663573058,0.0,0.0,6.327879663573058,0.0,0.0,0.0,0.0,262.11564929147056,5.055943131469057e-17,3.3540002719517634e-16,262.11564929147056,0.0,8.493194087802147,56.34196140958285,64.835155497385,73.13128151122585,0.0,0.0,73.13128151122585
dawn_dusk,夏至,summer,2026-06-21T00:26:00+00:00,1560.0,False,0.0,1.7576144307391776e-16,1.1659623388550022e-15,1.34172378192892e-15,8.700327535292677,0.0,0.0,8.700327535292677,0.0,3.7094621457660586e-16,2.460774720399024e-15,2.8317209349756297e-15,262.11564929147056,0.0,0.0,262.11564929147056,0.0,8.493194087802147,56.34196140958285,64.835155497385,72.88710926693044,0.0,0.0,72.88710926693044
dawn_dusk,夏至,summer,2026-06-21T00:26:30+00:00,1590.0,False,0.0,4.026157461090599e-16,2.6708633519568164e-15,3.073479098065876e-15,11.063590829077981,0.0,0.0,11.063590829077981,0.0,2.017093385492976e-16,1.3380949088186849e-15,1.5398042473679825e-15,262.11564929147056,0.0,0.0,262.11564929147056,0.0,8.493194087802147,56.34196140958285,64.835155497385,72.5659930992305,0.0,0.0,72.5659930992305
dawn_dusk,夏至,summer,2026-06-21T00:27:00+00:00,1620.0,False,0.0,3.531199001190618e-16,2.3425189133541212e-15,2.695638813473183e-15,13.415174745070786,0.0,0.0,13.415174745070786,0.0,1.682089215832335e-16,1.1158605903285778e-15,1.2840695119118112e-15,262.11564929147056,0.0,0.0,262.11564929147056,0.0,8.493194087802149,56.341961409582865,64.83515549738502,72.16827199725682,0.0,0.0,72.16827199725682
dawn_dusk,夏至,summer,2026-06-21T00:27:30+00:00,1650.0,False,0.0,4.971947703831973e-16,3.2982795726060755e-15,3.7954743429892726e-15,15.752596812851708,0.0,0.0,15.752596812851708,0.0,1.5106741282339883e-16,1.0021476320393419e-15,1.1532150448627407e-15,262.11564929147056,0.0,0.0,262.11564929147056,0.0,8.493194087802149,56.341961409582865,64.83515549738502,71.69436581881844,0.0,0.0,71.69436581881844
dawn_dusk,夏至,summer,2026-06-21T00:28:00+00:00,1680.0,False,0.0,3.5981253026278107e-16,2.3869163338519755e-15,2.7467288641147566e-15,18.073389512081985,0.0,0.0,18.073389512081985,0.0,0.0,0.0,0.0,262.11564929147056,1.2487233050588885e-16,8.2837527951844e-16,262.11564929147056,0.0,8.493194087802147,56.34196140958285,64.835155497385,71.14477484717617,0.0,0.0,71.14477484717617
dawn_dusk,夏至,summer,2026-06-21T00:28:30+00:00,1710.0,False,0.0,8.598506991134662e-16,5.704058379759744e-15,6.56390907887321e-15,20.375102877363314,0.0,0.0,20.375102877363314,0.0,6.20752919317752e-17,4.1179368637432493e-16,4.738689783061001e-16,262.11564929147056,0.0,0.0,262.11564929147056,0.0,8.493194087802147,56.34196140958285,64.835155497385,70.52007926291411,0.0,0.0,70.52007926291411
dawn_dusk,夏至,summer,2026-06-21T00:29:00+00:00,1740.0,False,0.0,6.136392711473903e-16,4.0707465032554925e-15,4.684385774402883e-15,22.655307084565496,0.0,0.0,22.655307084565496,0.0,1.9401406720220092e-16,1.2870461894803298e-15,1.4810602566825307e-15,262.11564929147056,0.0,0.0,262.11564929147056,0.0,8.493194087802147,56.34196140958285,64.835155497385,69.8209385314668,0.0,0.0,69.8209385314668
dawn_dusk,夏至,summer,2026-06-21T00:29:30+00:00,1770.0,False,0.0,6.202343114095465e-16,4.114496534174803e-15,4.73473084558435e-15,24.911595015891844,0.0,0.0,24.911595015891844,0.0,0.0,0.0,0.0,262.11564929147056,3.2557873712776865e-17,2.1598169608979727e-16,262.11564929147056,0.0,8.493194087802149,56.341961409582865,64.83515549738502,69.04809070694873,0.0,0.0,69.04809070694873
dawn_dusk,夏至,summer,2026-06-21T00:30:00+00:00,1800.0,False,0.0,1.014736584964538e-15,6.731536912958835e-15,7.746273497923373e-15,27.14158480097442,0.0,0.0,27.14158480097442,0.0,3.351479674840611e-17,2.2232971076931526e-16,2.5584450751772137e-16,262.11564929147056,0.0,0.0,262.11564929147056,0.0,8.493194087802147,56.34196140958285,64.835155497385,68.20235165302103,0.0,0.0,68.20235165302103
dawn_dusk,夏至,summer,2026-06-21T00:30:30+00:00,1830.0,False,0.0,1.2413316282725235e-15,8.234718054668155e-15,9.476049682940678e-15,29.342922331316686,0.0,0.0,29.342922331316686,0.0,1.417157586662815e-16,9.401108373789225e-16,1.0818265960452041e-15,262.11564929147056,0.0,0.0,262.11564929147056,0.0,8.493194087802147,56.34196140958285,64.835155497385,67.28461418161766,0.0,0.0,67.28461418161766
dawn_dusk,夏至,summer,2026-06-21T00:31:00+00:00,1860.0,False,0.0,7.220777763042244e-16,4.790103438902803e-15,5.512181215207027e-15,31.513283745428897,0.0,0.0,31.513283745428897,0.0,1.379104013632038e-16,9.14866943020309e-16,1.0527773443835127e-15,262.11564929147056,0.0,0.0,262.11564929147056,0.0,8.493194087802147,56.34196140958285,64.835155497385,66.2958471104406,0.0,0.0,66.2958471104406
dawn_dusk,夏至,summer,2026-06-21T00:31:30+00:00,1890.0,False,0.0,8.789155474556744e-16,5.830530345250198e-15,6.709445892705873e-15,33.6503778820332,0.0,0.0,33.6503778820332,0.0,1.7262580514898733e-16,1.145161213962003e-15,1.3177870191109904e-15,262.11564929147056,0.0,0.0,262.11564929147056,0.0,8.493194087802149,56.341961409582865,64.83515549738502,65.23709424021888,0.0,0.0,65.23709424021888
dawn_dusk,夏至,summer,2026-06-21T00:32:00+00:00,1920.0,False,0.0,1.0552345769146034e-15,7.000191588223256e-15,8.05542616513786e-15,35.751948698748315,0.0,0.0,35.751948698748315,0.0,1.240227894625332e-16,8.227396131029811e-16,9.467624025655143e-16,262.11564929147056,0.0,0.0,262.11564929147056,0.0,8.493194087802147,56.34196140958285,64.835155497385,64.10947325281106,0.0,0.0,64.10947325281106
dawn_dusk,夏至,summer,2026-06-21T00:32:30+00:00,1950.0,False,0.0,8.492184278924737e-16,5.6335262561986305e-15,6.4827446840911045e-15,37.81577765370069,0.0,0.0,37.81577765370069,0.0,6.805122888464723e-17,4.514367235761211e-16,5.194879524607684e-16,262.11564929147056,0.0,0.0,262.11564929147056,0.0,8.493194087802147,56.34196140958285,64.835155497385,62.914174531314465,0.0,0.0,62.914174531314465
dawn_dusk,夏至,summer,2026-06-21T00:33:00+00:00,1980.0,False,0.0,1.4596403195920054e-15,9.682929379470429e-15,1.1142569699062434e-14,39.839686047547964,0.0,0.0,39.839686047547964,0.0,2.260523516862669e-16,1.499581046139611e-15,1.7256333978258778e-15,262.11564929147056,0.0,0.0,262.11564929147056,0.0,8.493194087802147,56.34196140958285,64.835155497385,61.65245990342673,0.0,0.0,61.65245990342673
dawn_dusk,夏至,summer,2026-06-21T00:33:30+00:00,2010.0,False,0.0,1.1905842029963666e-15,7.898070917326587e-15,9.088655120322953e-15,41.821537323442065,0.0,0.0,41.821537323442065,0.0,1.2396074510540477e-16,8.223280246312149e-16,9.462887697366197e-16,262.11564929147056,0.0,0.0,262.11564929147056,0.0,8.493194087802147,56.34196140958285,64.835155497385,60.325661309386156,0.0,0.0,60.325661309386156
dawn_dusk,夏至,summer,2026-06-21T00:34:00+00:00,2040.0,False,0.0,1.4071181438833134e-15,9.334508942313995e-15,1.0741627086197308e-14,43.7592393225047,0.0,0.0,43.7592393225047,0.0,1.6806414407791925e-16,1.1149001685446102e-15,1.2829643126225295e-15,262.11564929147056,0.0,0.0,262.11564929147056,0.0,8.493194087802143,56.34196140958284,64.83515549738497,58.93517939589719,0.0,0.0,58.93517939589719
dawn_dusk,夏至,summer,2026-06-21T00:34:30+00:00,2070.0,False,0.0,6.78538457747147e-16,4.501273279061583e-15,5.17981173680873e-15,45.650746492433164,0.0,0.0,45.650746492433164,0.0,0.0,0.0,0.0,262.11564929147056,3.028749586393356e-17,2.0092051418081257e-16,262.11564929147056,0.0,8.493194087802143,56.34196140958284,64.83515549738497,57.482482037525365,0.0,0.0,57.482482037525365
dawn_dusk,夏至,summer,2026-06-21T00:35:00+00:00,2100.0,False,0.0,1.5676518229509149e-15,1.0399453680119434e-14,1.196710550307035e-14,47.4940620469059,0.0,0.0,47.4940620469059,0.0,1.8270773391659789e-16,1.2120424880370516e-15,1.3947502219536495e-15,262.11564929147056,0.0,0.0,262.11564929147056,0.0,8.493194087802147,56.34196140958285,64.835155497385,55.969102787122466,0.0,0.0,55.969102787122466
dawn_dusk,夏至,summer,2026-06-21T00:35:30+00:00,2130.0,False,0.0,2.9384861578759053e-16,1.9493263900257925e-15,2.243175005813383e-15,49.28724007350767,0.0,0.0,49.28724007350767,0.0,1.109045868753996e-16,7.357163735200228e-16,8.466209603954224e-16,262.11564929147056,0.0,0.0,262.11564929147056,0.0,8.493194087802147,56.34196140958285,64.835155497385,54.396639256917766,0.0,0.0,54.396639256917766
dawn_dusk,夏至,summer,2026-06-21T00:36:00+00:00,2160.0,False,0.0,1.4666117072129208e-15,9.729176015099886e-15,1.1195787722312808e-14,51.02838758794925,0.0,0.0,51.02838758794925,0.0,3.212437216759698e-17,2.1310594321319718e-16,2.4523031538079414e-16,262.11564929147056,0.0,0.0,262.11564929147056,0.0,8.493194087802143,56.34196140958284,64.83515549738497,52.766751431984645,0.0,0.0,52.766751431984645
dawn_dusk,夏至,summer,2026-06-21T00:36:30+00:00,2190.0,False,0.0,1.1988338951000267e-15,7.952797540707643e-15,9.151631435807669e-15,52.71566653241307,0.0,0.0,52.71566653241307,0.0,1.5172286134350379e-16,1.0064957318053366e-15,1.1582185931488404e-15,262.11564929147056,0.0,0.0,262.11564929147056,0.0,8.493194087802147,56.34196140958285,64.835155497385,51.0811599178626,0.0,0.0,51.0811599178626
dawn_dusk,夏至,summer,2026-06-21T00:37:00+00:00,2220.0,False,0.0,6.736174935082926e-16,4.4686286963077685e-15,5.1422461898160615e-15,54.34729571591529,0.0,0.0,54.34729571591529,0.0,2.886296989117653e-17,1.91470525571781e-16,2.2033349546295753e-16,262.11564929147056,0.0,0.0,262.11564929147056,0.0,8.493194087802143,56.34196140958284,64.83515549738497,49.341644124184626,0.0,0.0,49.341644124184626
dawn_dusk,夏至,summer,2026-06-21T00:37:30+00:00,2250.0,False,0.0,1.4580196947716889e-15,9.672178514702506e-15,1.1130198209474195e-14,55.92155269463583,0.0,0.0,55.92155269463583,0.0,0.0,0.0,0.0,262.11564929147056,6.647813595946679e-18,4.4100117483345256e-17,262.11564929147056,0.0,8.493194087802143,56.34196140958284,64.83515549738497,47.5500403862278,0.0,0.0,47.5500403862278
dawn_dusk,夏至,summer,2026-06-21T00:38:00+00:00,2280.0,False,0.0,1.036009502601484e-15,6.872656719262497e-15,7.90866622186398e-15,57.436775590231505,0.0,0.0,57.436775590231505,0.0,0.0,0.0,0.0,262.11564929147056,6.875047991902826e-17,4.560753994838446e-16,262.11564929147056,0.0,8.493194087802143,56.34196140958284,64.83515549738497,45.708240026369566,0.0,0.0,45.708240026369566
dawn_dusk,夏至,summer,2026-06-21T00:38:30+00:00,2310.0,False,0.0,1.0946697872061986e-15,7.261796006238246e-15,8.356465793444445e-15,58.89136484421258,0.0,0.0,58.89136484421258,0.0,7.992093854397214e-17,5.301777386353564e-16,6.100986771793286e-16,262.11564929147056,0.0,0.0,262.11564929147056,0.0,8.493194087802143,56.34196140958283,64.83515549738497,43.81818735749655,0.0,0.0,43.81818735749655
dawn_dusk,夏至,summer,2026-06-21T00:39:00+00:00,2340.0,False,0.0,8.657938077509774e-16,5.7434836412156805e-15,6.609277448966658e-15,60.28378490653091,0.0,0.0,60.28378490653091,0.0,6.828756468913486e-17,4.530045227619738e-16,5.212920874511087e-16,262.11564929147056,0.0,0.0,262.11564929147056,0.0,8.493194087802147,56.34196140958285,64.835155497385,41.88187763047335,0.0,0.0,41.88187763047335
dawn_dusk,夏至,summer,2026-06-21T00:39:30+00:00,2370.0,False,0.0,6.983936583803732e-16,4.632988265943067e-15,5.3313819243234405e-15,61.61256585659697,0.0,0.0,61.61256585659697,0.0,0.0,0.0,0.0,262.11564929147056,1.2373665254455435e-17,8.208414444017884e-17,262.11564929147056,0.0,8.493194087802143,56.34196140958283,64.83515549738497,39.90135492783832,0.0,0.0,39.90135492783832
dawn_dusk,夏至,summer,2026-06-21T00:40:00+00:00,2400.0,False,0.0,1.1662916658667313e-15,7.736919626616714e-15,8.903211292483446e-15,62.8763049550146,0.0,0.0,62.8763049550146,0.0,1.2561447936901362e-16,8.332985300851961e-16,9.589130094542097e-16,262.11564929147056,0.0,0.0,262.11564929147056,0.0,8.493194087802143,56.34196140958284,64.83515549738497,37.8787100059497,0.0,0.0,37.8787100059497
dawn_dusk,夏至,summer,2026-06-21T00:40:30+00:00,2430.0,False,0.0,7.405475934503453e-16,4.912628099723086e-15,5.653175693173431e-15,64.0736681243952,0.0,0.0,64.0736681243952,0.0,0.0,0.0,0.0,262.11564929147056,2.1591289183407074e-17,1.4323181236394746e-16,262.11564929147056,0.0,8.493194087802143,56.34196140958284,64.83515549738497,35.81607808786007,0.0,0.0,35.81607808786007
dawn_dusk,夏至,summer,2026-06-21T00:41:00+00:00,2460.0,False,0.0,9.458631301556722e-16,6.274645725395036e-15,7.220508855550707e-15,65.20339135768843,0.0,0.0,65.20339135768843,0.0,8.735122856495096e-17,5.794686307657082e-16,6.668198593306592e-16,262.11564929147056,0.0,0.0,262.11564929147056,0.0,8.493194087802143,56.34196140958284,64.83515549738497,33.71563660924928,0.0,0.0,33.71563660924928
dawn_dusk,夏至,summer,2026-06-21T00:41:30+00:00,2490.0,False,0.0,9.730037697230691e-16,6.454690694499632e-15,7.427694464222701e-15,66.26428205254244,0.0,0.0,66.26428205254244,0.0,6.125495442605109e-17,4.063517497351139e-16,4.67606704161165e-16,262.11564929147056,0.0,0.0,262.11564929147056,0.0,8.493194087802143,56.34196140958284,64.83515549738497,31.57960291979506,0.0,0.0,31.57960291979506
dawn_dusk,夏至,summer,2026-06-21T00:42:00+00:00,2520.0,False,0.0,1.0208636061840788e-15,6.772182209597334e-15,7.793045815781413e-15,67.25522027028516,0.0,0.0,67.25522027028516,0.0,4.547287427614722e-17,3.0165693862207463e-16,3.4712981289822183e-16,262.11564929147056,0.0,0.0,262.11564929147056,0.0,8.493194087802147,56.34196140958285,64.835155497385,29.41023194240827,0.0,0.0,29.41023194240827
dawn_dusk,夏至,summer,2026-06-21T00:42:30+00:00,2550.0,False,0.0,9.5252733192312e-16,6.318854558364775e-15,7.271381890287895e-15,68.17515991819741,0.0,0.0,68.17515991819741,0.0,9.511185517436443e-17,6.309509023847837e-16,7.260627575591481e-16,262.11564929147056,0.0,0.0,262.11564929147056,0.0,8.493194087802147,56.34196140958285,64.835155497385,27.209813792803452,0.0,0.0,27.209813792803452
dawn_dusk,夏至,summer,2026-06-21T00:43:00+00:00,2580.0,False,0.0,1.2799014446140783e-15,8.490581641609087e-15,9.770483086223165e-15,69.02312985383006,0.0,0.0,69.02312985383006,0.0,6.122137165196537e-17,4.061289690778013e-16,4.673503407297667e-16,262.11564929147056,0.0,0.0,262.11564929147056,0.0,8.493194087802143,56.34196140958284,64.83515549738497,24.98067136191788,0.0,0.0,24.98067136191788
dawn_dusk,夏至,summer,2026-06-21T00:43:30+00:00,2610.0,False,0.0,1.1137433564795349e-15,7.388325824447007e-15,8.502069180926542e-15,69.79823491019903,0.0,0.0,69.79823491019903,0.0,0.0,0.0,0.0,262.11564929147056,1.4125042498431366e-17,9.37023917183649e-17,262.11564929147056,0.0,8.493194087802143,56.34196140958283,64.83515549738497,22.72515786373116,0.0,0.0,22.72515786373116
dawn_dusk,夏至,summer,2026-06-21T00:44:00+00:00,2640.0,False,0.0,1.015159700071906e-15,6.734343764516058e-15,7.749503464587964e-15,70.49965684077642,0.0,0.0,70.49965684077642,0.0,9.665937476468575e-17,6.412168033093463e-16,7.378761780740321e-16,262.11564929147056,0.0,0.0,262.11564929147056,0.0,8.493194087802143,56.34196140958283,64.83515549738497,20.445654351074044,0.0,0.0,20.445654351074044
dawn_dusk,夏至,summer,2026-06-21T00:44:30+00:00,2670.0,False,0.0,5.741946595357746e-16,3.809079718973546e-15,4.383274378509321e-15,71.12665518327968,0.0,0.0,71.12665518327968,0.0,4.6065006509197206e-17,3.055850122159404e-16,3.516500187251376e-16,262.11564929147056,0.0,0.0,262.11564929147056,0.0,8.493194087802147,56.34196140958285,64.835155497385,18.1445672020487,0.0,0.0,18.1445672020487
dawn_dusk,夏至,summer,2026-06-21T00:45:00+00:00,2700.0,False,0.0,3.81887150781134e-16,2.5333544588398945e-15,2.9152416096210286e-15,71.678568041347,0.0,0.0,71.678568041347,0.0,3.089857898366469e-17,2.0497430374384476e-16,2.3587288272750946e-16,262.11564929147056,0.0,0.0,262.11564929147056,0.0,8.493194087802143,56.34196140958283,64.83515549738497,15.824325579714694,0.0,0.0,15.824325579714694
dawn_dusk,夏至,summer,2026-06-21T00:45:30+00:00,2730.0,False,0.0,3.035920907093492e-16,2.013962436531004e-15,2.317554527240353e-15,72.1548127832744,0.0,0.0,72.1548127832744,0.0,3.047104279120903e-17,2.021381236910267e-16,2.326091664822357e-16,262.11564929147056,0.0,0.0,262.11564929147056,0.0,8.493194087802147,56.34196140958285,64.835155497385,13.48737886772108,0.0,0.0,13.48737886772108
dawn_dusk,夏至,summer,2026-06-21T00:46:00+00:00,2760.0,False,0.0,0.0,0.0,0.0,72.5548866570757,3.3213718261541146e-17,2.203324230218748e-16,72.5548866570757,0.0,2.96023683158876e-17,1.963755303415658e-16,2.259778986574534e-16,262.11564929147056,0.0,0.0,262.11564929147056,0.0,8.493194087802143,56.34196140958284,64.83515549738497,11.13619408459304,0.0,0.0,11.13619408459304
dawn_dusk,夏至,summer,2026-06-21T00:46:30+00:00,2790.0,False,0.0,2.289028832677571e-16,1.518490838933794e-15,1.747393722201551e-15,72.87836732121743,0.0,0.0,72.87836732121743,0.0,7.696752677822732e-18,5.1058546157069055e-17,5.875529883489179e-17,262.11564929147056,0.0,0.0,262.11564929147056,0.0,8.493194087802143,56.34196140958284,64.83515549738497,8.773253279401834,0.0,0.0,8.773253279401834
dawn_dusk,夏至,summer,2026-06-21T00:47:00+00:00,2820.0,False,0.0,8.572325840463771e-17,5.686690386452298e-16,6.543922970498675e-16,73.12491329046718,0.0,0.0,73.12491329046718,0.0,0.0,0.0,0.0,262.11564929147056,1.56494454555643e-18,1.0381494203754216e-17,262.11564929147056,0.0,8.493194087802143,56.34196140958284,64.83515549738497,6.40105091156769,0.0,0.0,6.40105091156769
dawn_dusk,夏至,summer,2026-06-21T00:47:30+00:00,2850.0,False,0.0,7.058839104449562e-17,4.682676932940196e-16,5.388560843385152e-16,73.29426429638572,0.0,0.0,73.29426429638572,0.0,2.956124121047352e-18,1.9610270226744272e-17,2.2566394347791625e-17,262.11564929147056,0.0,0.0,262.11564929147056,0.0,8.493194087802143,56.34196140958284,64.83515549738497,4.022091217561618,0.0,0.0,4.022091217561618
dawn_dusk,夏至,summer,2026-06-21T00:48:00+00:00,2880.0,False,0.0,2.302596756751272e-17,1.5274914981282717e-16,1.757751173803399e-16,73.38624156208144,0.0,0.0,73.38624156208144,0.0,0.0,0.0,0.0,262.11564929147056,2.891571859632969e-18,1.9182044875491097e-17,262.11564929147056,0.0,8.493194087802143,56.34196140958284,64.83515549738497,1.6388855672858138,0.0,0.0,1.6388855672858138
dawn_dusk,夏至,summer,2026-06-21T00:48:30+00:00,2910.0,False,0.0,0.0,0.0,0.0,73.40074799093802,1.01029428261526e-17,6.668126321346472e-17,73.40074799093802,0.0,6.289412095302849e-18,4.151126563828616e-17,4.780067773358901e-17,262.11564929147056,0.0,0.0,262.11564929147056,0.7460501870759053,8.536425187568597,56.34196140958284,65.62443678422734,0.0,0.0,0.0,0.0
dawn_dusk,夏至,summer,2026-06-21T00:49:00+00:00,2940.0,False,0.0,0.0,0.0,0.0,73.33776826911513,1.330310510764302e-16,8.640454744802846e-16,73.33776826911513,0.0,0.0,0.0,0.0,262.11564929147056,2.5428577457476006e-19,1.651602922537257e-18,262.11564929147056,3.1301983669402573,8.6745785579547,56.34196140958282,68.14673833447777,0.0,0.0,0.0,0.0
dawn_dusk,夏至,summer,2026-06-21T00:49:30+00:00,2970.0,False,0.0,0.0,0.0,0.0,73.19736888171478,2.567249795146473e-16,1.6413415602101812e-15,73.19736888171478,0.0,0.0,0.0,0.0,262.11564929147056,4.508669112549855e-18,2.882565619307728e-17,262.11564929147056,5.511042125133733,8.812540448216014,56.34196140958284,70.66554398293258,0.0,0.0,0.0,0.0
dawn_dusk,夏至,summer,2026-06-21T00:50:00+00:00,3000.0,False,0.0,0.0,0.0,0.0,72.97969804259561,4.611385768750403e-16,2.902901932078313e-15,72.97969804259561,0.0,0.0,0.0,0.0,262.11564929147056,1.6954988022761348e-17,1.0673292142065982e-16,262.11564929147056,7.886068102825006,8.95016521765936,56.34196140958283,73.17819473006719,0.0,0.0,0.0,0.0
dawn_dusk,夏至,summer,2026-06-21T00:50:30+00:00,3030.0,False,0.0,0.0,0.0,0.0,72.68498553790965,4.740971326642883e-16,2.9394363636832193e-15,72.68498553790965,0.0,0.0,0.0,0.0,262.11564929147056,7.238721908239468e-19,4.488059711328483e-18,262.11564929147056,10.252769082774302,9.08730758147615,56.34196140958284,75.6820380738333,0.0,0.0,0.0,0.0
dawn_dusk,夏至,summer,2026-06-21T00:51:00+00:00,3060.0,False,0.0,0.0,0.0,0.0,72.31354248352658,1.7425469191778347e-16,1.0644015370360404e-15,72.31354248352658,0.0,0.0,0.0,0.0,262.11564929147056,2.5803660575923128e-17,1.5761673717874727e-16,262.11564929147056,12.608646636099527,9.223822764113569,56.34196140958284,78.17443080979594,0.0,0.0,0.0,0.0
dawn_dusk,夏至,summer,2026-06-21T00:51:30+00:00,3090.0,False,0.0,0.0,0.0,0.0,71.86576099660144,7.825734918726596e-16,4.710872534821949e-15,71.86576099660144,0.0,0.0,0.0,0.0,262.11564929147056,4.7988103928189215e-17,2.8887490202680327e-16,262.11564929147056,14.951213759765034,9.359566652108185,56.34196140958283,80.65274182145605,0.0,0.0,0.0,0.0
dawn_dusk,夏至,summer,2026-06-21T00:52:00+00:00,3120.0,False,0.0,0.0,0.0,0.0,71.3421137816327,6.004062242246129e-16,3.5629506613111435e-15,71.3421137816327,0.0,6.689519664948201e-18,3.969717093599715e-17,4.6386690600945355e-17,262.11564929147056,0.0,0.0,262.11564929147056,17.277997502008088,9.494395946220585,56.34196140958284,83.1143548578115,0.0,0.0,0.0,0.0
dawn_dusk,夏至,summer,2026-06-21T00:52:30+00:00,3150.0,False,0.0,0.0,0.0,0.0,70.74315363144764,4.373030699300085e-16,2.559003113578976e-15,70.74315363144764,0.0,0.0,0.0,0.0,262.11564929147056,3.181180728653974e-17,1.861558253132293e-16,262.11564929147056,19.586541572932802,9.628168312710518,56.34196140958285,85.55667129522617,0.0,0.0,0.0,0.0
dawn_dusk,夏至,summer,2026-06-21T00:53:00+00:00,3180.0,False,0.0,0.0,0.0,0.0,70.06951284364149,1.9693332250923595e-16,1.1367587679819934e-15,70.06951284364149,0.0,0.0,0.0,0.0,262.11564929147056,6.4625701044302916e-18,3.7303911477779e-17,262.11564929147056,21.87440893751385,9.760742533592722,56.34196140958284,87.9771128806894,0.0,0.0,0.0,0.0
dawn_dusk,夏至,summer,2026-06-21T00:53:30+00:00,3210.0,False,0.0,0.0,0.0,0.0,69.32190255308714,4.2107191440672203e-16,2.398308607192186e-15,69.32190255308714,0.0,4.1640694605134776e-17,2.3717382438500075e-16,2.7881451899013553e-16,262.11564929147056,0.0,0.0,262.11564929147056,24.139184388274597,9.891978655715013,56.34196140958285,90.37312445357246,0.0,0.0,0.0,0.0
dawn_dusk,夏至,summer,2026-06-21T00:54:00+00:00,3240.0,False,0.0,0.0,0.0,0.0,68.50111198121904,1.4036179880987846e-16,7.891105258023319e-16,68.50111198121904,0.0,0.0,0.0,0.0,262.11564929147056,5.97940844506872e-17,3.3616084875531004e-16,262.11564929147056,26.37847709492184,10.021738138500996,56.34196140958285,92.74217664300569,0.0,0.0,0.0,0.0
dawn_dusk,夏至,summer,2026-06-21T00:54:30+00:00,3270.0,False,0.0,0.0,0.0,0.0,67.6080076028848,1.2841634181938492e-15,7.128385482044717e-15,67.60800760288481,0.0,0.0,0.0,0.0,262.11564929147056,7.349797693293858e-17,4.0798694644744104e-16,262.11564929147056,28.589923128247456,10.149884000201716,56.34196140958285,95.08176853803202,0.0,0.0,0.0,0.0
dawn_dusk,夏至,summer,2026-06-21T00:55:00+00:00,3300.0,False,0.0,0.0,0.0,0.0,66.64353223164322,1.4918019478722859e-15,8.179130960360574e-15,66.64353223164323,0.0,0.0,0.0,0.0,262.11564929147056,8.648256469805272e-17,4.741596050749936e-16,262.11564929147056,30.771187955630793,10.276280962501605,56.34196140958283,97.38943032771522,0.0,0.0,0.0,0.0
dawn_dusk,夏至,summer,2026-06-21T00:55:30+00:00,3330.0,False,0.0,0.0,0.0,0.0,65.60870402447485,8.311307100610055e-16,4.502303114448613e-15,65.60870402447485,0.0,0.0,0.0,0.0,262.11564929147056,2.9230226458647564e-17,1.5834253027558978e-16,262.11564929147056,32.919968905509066,10.400795593326286,56.34196140958284,99.6627259084182,0.0,0.0,0.0,0.0
dawn_dusk,夏至,summer,2026-06-21T00:56:00+00:00,3360.0,False,0.0,0.0,0.0,0.0,64.50461540695544,1.5340496013850414e-15,8.213335419292693e-15,64.50461540695545,0.0,0.0,0.0,0.0,262.11564929147056,9.987795363631493e-17,5.347487678801061e-16,262.11564929147056,35.033997598212984,10.523296447701286,56.34196140958284,101.8992554554971,0.0,0.0,0.0,0.0
dawn_dusk,夏至,summer,2026-06-21T00:56:30+00:00,3390.0,False,0.0,0.0,0.0,0.0,63.33243192002737,7.424092897360731e-16,3.929928081168744e-15,63.332431920027375,0.0,3.4500978729201574e-17,1.826302108691229e-16,2.1713118959832447e-16,262.11564929147056,0.0,0.0,262.11564929147056,37.111042340601614,10.643654206513098,56.34196140958285,104.09665795669756,0.0,0.0,0.0,0.0
dawn_dusk,夏至,summer,2026-06-21T00:57:00+00:00,3420.0,False,0.0,0.0,0.0,0.0,62.093390989585785,2.108348204353418e-15,1.1038034105581442e-14,62.0933909895858,0.0,0.0,0.0,0.0,262.11564929147056,1.6240820146982572e-16,8.50270967171596e-16,262.11564929147056,39.14891048196941,10.761741813026067,56.34196140958285,106.25261370457832,0.0,0.0,0.0,0.0
dawn_dusk,夏至,summer,2026-06-21T00:57:30+00:00,3450.0,False,0.0,0.0,0.0,0.0,60.78880062017924,1.5526549927781748e-15,8.042303249437141e-15,60.788800620179245,0.0,0.0,0.0,0.0,262.11564929147056,1.6140567405380617e-16,8.360346522300277e-16,262.11564929147056,41.145450728736996,10.877434607010933,56.34196140958284,108.36484674533077,0.0,0.0,0.0,0.0
dawn_dusk,夏至,summer,2026-06-21T00:58:00+00:00,3480.0,False,0.0,0.0,0.0,0.0,59.42003801420282,4.57636989460465e-16,2.346017603134784e-15,59.42003801420282,0.0,0.0,0.0,0.0,262.11564929147056,8.117266314040246e-17,4.1612129483944517e-16,262.11564929147056,43.098555415483716,10.990610456343552,56.34196140958285,110.43112728141011,0.0,0.0,0.0,0.0
dawn_dusk,夏至,summer,2026-06-21T00:58:30+00:00,3510.0,False,0.0,0.0,0.0,0.0,57.988548118042466,1.9361824785721316e-15,9.826758453900157e-15,57.98854811804247,0.0,0.0,0.0,0.0,262.11564929147056,9.678194941855359e-17,4.91200003181042e-16,262.11564929147056,45.006162729922906,11.101149885934694,56.34196140958285,112.44927402544045,0.0,0.0,0.0,0.0
dawn_dusk,夏至,summer,2026-06-21T00:59:00+00:00,3540.0,False,0.0,0.0,0.0,0.0,56.49584209670427,2.0999200044589945e-15,1.0555293535683492e-14,56.49584209670428,0.0,0.0,0.0,0.0,262.11564929147056,1.0814888008352217e-16,5.436126959184372e-16,262.11564929147056,46.866258889472775,11.208936203855036,56.34196140958285,114.41715650291066,0.0,0.0,0.0,0.0
dawn_dusk,夏至,summer,2026-06-21T00:59:30+00:00,3570.0,False,0.0,0.0,0.0,0.0,54.94349573854001,1.926923430705241e-15,9.595901624969033e-15,54.943495738540015,0.0,0.0,0.0,0.0,262.11564929147056,2.496680865441874e-16,1.2433241296440272e-15,262.11564929147056,48.67688026712336,11.313855624521999,56.34196140958285,116.33269730122821,0.0,0.0,0.0,0.0
dawn_dusk,夏至,summer,2026-06-21T01:00:00+00:00,3600.0,False,0.0,0.0,0.0,0.0,53.33314779175191,1.0593068929531527e-15,5.2281436023146314e-15,53.33314779175192,0.0,0.0,0.0,0.0,262.11564929147056,1.7546691293065873e-16,8.660060879042083e-16,262.11564929147056,50.43611546435723,11.415797388818525,56.34196140958285,118.19387426275861,0.0,0.0,0.0,0.0
dawn_dusk,夏至,summer,2026-06-21T01:00:30+00:00,3630.0,False,0.0,0.0,0.0,0.0,51.66649823443373,1.0438590630575822e-15,5.107671290475604e-15,51.66649823443374,0.0,0.0,0.0,0.0,262.11564929147056,2.080513714316258e-17,1.0180090918526348e-16,262.11564929147056,52.1421073289341,11.514653881016919,56.34196140958285,119.99872261953388,0.0,0.0,0.0,0.0
dawn_dusk,夏至,summer,2026-06-21T01:01:00+00:00,3660.0,False,0.0,0.0,0.0,0.0,49.945306479973844,1.2477461135448273e-15,6.054997526611184e-15,49.94530647997385,0.0,0.0,0.0,0.0,262.11564929147056,2.624146881449804e-16,1.2734323677035577e-15,262.11564929147056,53.79305491540995,11.610320742384326,56.34196140958284,121.74533706737711,0.0,0.0,0.0,0.0
dawn_dusk,夏至,summer,2026-06-21T01:01:30+00:00,3690.0,False,0.0,0.0,0.0,0.0,48.17138951971471,2.4143559340212212e-15,1.1623777756563683e-14,48.17138951971472,0.0,0.0,0.0,0.0,262.11564929147056,1.3242269425446696e-16,6.375414437653404e-16,262.11564929147056,55.38721538632131,11.702696981349993,56.34196140958285,123.43187377725415,0.0,0.0,0.0,0.0
dawn_dusk,夏至,summer,2026-06-21T01:02:00+00:00,3720.0,False,0.0,0.0,0.0,0.0,46.34662000483011,5.538653631556075e-16,2.6464293020880005e-15,46.34662000483011,0.0,0.0,0.0,0.0,262.11564929147056,2.270806298867329e-16,1.0850160938841984e-15,262.11564929147056,56.92290585202684,11.79168508011787,56.34196140958285,125.05655234172755,0.0,0.0,0.0,0.0
dawn_dusk,夏至,summer,2026-06-21T01:02:30+00:00,3750.0,False,0.0,0.0,0.0,0.0,44.472924269444,1.8700234796845007e-15,8.870850848613524e-15,44.47292426944401,0.0,0.0,0.0,0.0,262.11564929147056,2.5331790835086776e-16,1.2016669344934764e-15,262.11564929147056,58.39850514726493,11.87719109761218,56.34196140958285,126.61765765445996,0.0,0.0,0.0,0.0
dawn_dusk,夏至,summer,2026-06-21T01:03:00+00:00,3780.0,False,0.0,0.0,0.0,0.0,42.552280297079115,2.289830547857934e-15,1.0787875104382782e-14,42.55228029707913,0.0,3.829670152147923e-17,1.8042384547189475e-16,2.1872054699337398e-16,262.11564929147056,0.0,0.0,262.11564929147056,59.812455542551,11.95912476864711,56.34196140958284,128.11354172078094,0.0,0.0,0.0,0.0
dawn_dusk,夏至,summer,2026-06-21T01:03:30+00:00,3810.0,False,0.0,0.0,0.0,0.0,40.58671563258095,2.9923845142652454e-15,1.4006082579193038e-14,40.58671563258096,0.0,0.0,0.0,0.0,262.11564929147056,1.996766448536191e-16,9.34601674224575e-16,262.11564929147056,61.1632643886086,12.037399599216094,56.34196140958285,129.54262539740756,0.0,0.0,0.0,0.0
dawn_dusk,夏至,summer,2026-06-21T01:04:00+00:00,3840.0,False,0.0,0.0,0.0,0.0,38.57830524172209,1.6917873881874352e-15,7.869810712343106e-15,38.5783052417221,0.0,0.0,0.0,0.0,262.11564929147056,1.4182682143849485e-16,6.597461634053629e-16,262.11564929147056,62.44950569209772,12.111932957799933,56.34196140958285,130.9034000594805,0.0,0.0,0.0,0.0
dawn_dusk,夏至,summer,2026-06-21T01:04:30+00:00,3870.0,False,0.0,0.0,0.0,0.0,36.529169320746185,2.984332397631398e-16,1.3801857046208855e-15,36.529169320746185,0.0,0.0,0.0,0.0,262.11564929147056,3.4973575338728055e-17,1.6174481354793092e-16,262.11564929147056,63.66982162097741,12.182646162597537,56.34196140958285,132.19442919315782,0.0,0.0,0.0,0.0
dawn_dusk,夏至,summer,2026-06-21T01:05:00+00:00,3900.0,False,0.0,0.0,0.0,0.0,34.44147105816402,6.963962564963511e-16,3.2031058012712534e-15,34.44147105816402,0.0,0.0,0.0,0.0,262.11564929147056,9.070292380883684e-17,4.1719216428021115e-16,262.11564929147056,64.82292393791317,12.249464564587035,56.34196140958285,133.41434991208305,0.0,0.0,0.0,0.0
dawn_dusk,夏至,summer,2026-06-21T01:05:30+00:00,3930.0,False,0.0,0.0,0.0,0.0,32.31741435116431,1.0779844060329743e-15,4.9329263302109376e-15,32.31741435116432,0.0,0.0,0.0,0.0,262.11564929147056,1.055389376920391e-16,4.829530016296229e-16,262.11564929147056,65.90759536021615,12.312317626329683,56.34196140958284,134.56187439612867,0.0,0.0,0.0,0.0
dawn_dusk,夏至,summer,2026-06-21T01:06:00+00:00,3960.0,False,0.0,0.0,0.0,0.0,30.159241479050127,1.4175737247752876e-15,6.4560655344309315e-15,30.159241479050134,0.0,0.0,0.0,0.0,262.11564929147056,1.784206762269114e-17,8.125824839205595e-17,262.11564929147056,66.92269084487837,12.371138996433361,56.34196140958285,135.63579125089458,0.0,0.0,0.0,0.0
dawn_dusk,夏至,summer,2026-06-21T01:06:30+00:00,3990.0,False,0.0,0.0,0.0,0.0,27.969230736156856,1.1365995615235165e-15,5.153624354751751e-15,27.96923073615686,0.0,7.486402562951545e-17,3.3945206283721363e-16,4.143160884667291e-16,262.11564929147056,0.0,0.0,262.11564929147056,67.86713879734761,12.425866579596963,56.34196140958285,136.6349667865274,0.0,0.0,0.0,0.0
dawn_dusk,夏至,summer,2026-06-21T01:07:00+00:00,4020.0,False,0.0,0.0,0.0,0.0,25.74969402675059,1.33882624433319e-15,6.045961897767765e-15,25.749694026750596,0.0,5.490885017172161e-17,2.4796109083879717e-16,3.028699410105188e-16,262.11564929147056,0.0,0.0,262.11564929147056,68.73994220276558,12.4764426021619,56.341961409582865,137.55834621451032,0.0,0.0,0.0,0.0
dawn_dusk,夏至,summer,2026-06-21T01:07:30+00:00,4050.0,False,0.0,0.0,0.0,0.0,23.50297442444583,1.6838970759339268e-15,7.576098035680724e-15,23.50297442444584,0.0,0.0,0.0,0.0,262.11564929147056,3.502098776644917e-16,1.5756452126258398e-15,262.11564929147056,69.54017967847561,12.522813673101332,56.34196140958285,138.4049547611598,0.0,0.0,0.0,0.0
dawn_dusk,夏至,summer,2026-06-21T01:08:00+00:00,4080.0,False,0.0,0.0,0.0,0.0,21.231443698719097,4.243115057247956e-16,1.9026401963434822e-15,21.2314436987191,0.0,0.0,0.0,0.0,262.11564929147056,8.376243918182295e-17,3.755961871900743e-16,262.11564929147056,70.2670064466884,12.564930840382917,56.34196140958285,139.17389869665416,0.0,0.0,0.0,0.0
dawn_dusk,夏至,summer,2026-06-21T01:08:30+00:00,4110.0,False,0.0,0.0,0.0,0.0,18.937499811129435,6.832666841061532e-16,3.0546179397309455e-15,18.937499811129438,0.0,0.0,0.0,0.0,262.11564929147056,1.6876310336367797e-16,7.544737876013121e-16,262.11564929147056,70.91965522627912,12.60274964264544,56.341961409582865,139.86436627850742,0.0,0.0,0.0,0.0
dawn_dusk,夏至,summer,2026-06-21T01:09:00+00:00,4140.0,False,0.0,0.0,0.0,0.0,16.623564383889004,7.506174361820897e-16,3.346825603852989e-15,16.623564383889008,0.0,0.0,0.0,0.0,262.11564929147056,1.6908660524830834e-16,7.539171786256522e-16,262.11564929147056,71.49743704277465,12.636230156134832,56.34196140958285,140.47562860849234,0.0,0.0,0.0,0.0
dawn_dusk,夏至,summer,2026-06-21T01:09:30+00:00,4170.0,False,0.0,0.0,0.0,0.0,14.292080143456113,7.482642972376579e-16,3.3286661094348455e-15,14.292080143456117,0.0,0.0,0.0,0.0,262.11564929147056,3.9290751031776285e-16,1.7478555619522862e-15,262.11564929147056,71.99974195567546,12.665337036850064,56.34196140958285,141.00704040210837,0.0,0.0,0.0,0.0
dawn_dusk,夏至,summer,2026-06-21T01:10:00+00:00,4200.0,False,0.0,0.0,0.0,0.0,11.945508341849392,5.810613460885333e-16,2.579829305390745e-15,11.945508341849393,0.0,0.0,0.0,0.0,262.11564929147056,1.091158457714866e-16,4.844587555147529e-16,262.11564929147056,72.42603970234487,12.690039557854329,56.34196140958285,141.45804066978206,0.0,0.0,0.0,0.0
dawn_dusk,夏至,summer,2026-06-21T01:10:30+00:00,4230.0,False,0.0,0.0,0.0,0.0,9.58632615840523,1.0913760466683131e-16,4.837825290052903e-16,9.58632615840523,0.0,7.385725810392182e-17,3.273926637843001e-16,4.0124992188822193e-16,262.11564929147056,0.0,0.0,262.11564929147056,72.77588025778529,12.710311641712217,56.34196140958285,141.82815330908034,0.0,0.0,0.0,0.0
dawn_dusk,夏至,summer,2026-06-21T01:11:00+00:00,4260.0,False,0.0,0.0,0.0,0.0,7.21702408472147,1.513581530353556e-16,6.701026904626467e-16,7.217024084721471,0.0,0.0,0.0,0.0,262.11564929147056,2.479407382405227e-16,1.097699413202137e-15,262.11564929147056,73.04889430971133,12.726131888018593,56.34196140958285,142.11698760731275,0.0,0.0,0.0,0.0
dawn_dusk,夏至,summer,2026-06-21T01:11:30+00:00,4290.0,False,0.0,0.0,0.0,0.0,4.840103295547853,4.388970351859443e-16,1.9413818775799263e-15,4.840103295547855,0.0,0.0,0.0,0.0,262.11564929147056,4.682397647838095e-16,2.071174149828677e-15,262.11564929147056,73.24479364841747,12.737483595990119,56.341961409582865,142.32423865399045,0.0,0.0,0.0,0.0
dawn_dusk,夏至,summer,2026-06-21T01:12:00+00:00,4320.0,False,0.0,0.0,0.0,0.0,2.458073008398693,5.3729133228550904e-18,2.375329942310019e-17,2.458073008398693,0.0,1.2386316523047003e-16,5.475909761464133e-16,6.714541413768833e-16,262.11564929147056,0.0,0.0,262.11564929147056,73.3633714710291,12.744354782095574,56.34196140958284,142.4496876627075,0.0,0.0,0.0,0.0
dawn_dusk,夏至,summer,2026-06-21T01:12:30+00:00,4350.0,False,0.0,0.0,0.0,0.0,0.07344783467517049,5.519335330637854e-18,2.4396059094026093e-17,0.07344783467517052,0.0,0.0,0.0,0.0,262.11564929147056,7.120158786929901e-17,3.1471871904676715e-16,262.11564929147056,73.4045025998161,12.746738192706419,56.34196140958285,142.49320220210535,0.0,0.0,0.0,0.0
dawn_dusk,夏至,summer,2026-06-21T01:13:00+00:00,4380.0,False,2.3112548749065067,8.904619263917782e-17,3.936588691051217e-16,2.311254874906507,0.0,0.0,0.0,0.0,0.0,0.0,0.0,0.0,262.11564929147056,3.2820187479469387e-16,1.450927603310192e-15,262.11564929147056,73.36814361433747,12.744631311754087,56.34196140958285,142.4547363356744,0.0,0.0,0.0,0.0
dawn_dusk,夏至,summer,2026-06-21T01:13:30+00:00,4410.0,False,4.693517687778716,2.4406119509754097e-16,1.0795138311339325e-15,4.693517687778717,0.0,0.0,0.0,0.0,0.0,9.52064459350597e-17,4.211102676889147e-16,5.163167136239744e-16,262.11564929147056,0.0,0.0,262.11564929147056,73.25433289727874,12.738036363386149,56.34196140958285,142.33433067024774,0.0,0.0,0.0,0.0
dawn_dusk,夏至,summer,2026-06-21T01:14:00+00:00,4440.0,False,7.070825747072437,2.2435904597188786e-16,9.932323510497381e-16,7.070825747072438,0.0,0.0,0.0,0.0,0.0,0.0,0.0,0.0,262.11564929147056,5.642562371736328e-16,2.497949421271245e-15,262.11564929147056,73.06319059393292,12.726960309618343,56.34196140958285,142.13211231313412,0.0,0.0,0.0,0.0
dawn_dusk,夏至,summer,2026-06-21T01:14:30+00:00,4470.0,False,9.440669426448212,5.738771055419373e-16,2.5436477476093415e-15,9.440669426448213,0.0,0.0,0.0,0.0,0.0,0.0,0.0,0.0,262.11564929147056,4.011109515879412e-16,1.7778805927178545e-15,262.11564929147056,72.79491848536789,12.711414842985079,56.341961409582865,141.84829473793582,0.0,0.0,0.0,0.0
dawn_dusk,夏至,summer,2026-06-21T01:15:00+00:00,4500.0,False,11.800546979405452,9.70599739292528e-16,4.308856588028753e-15,11.800546979405457,0.0,0.0,0.0,0.0,0.0,0.0,0.0,0.0,262.11564929147056,4.01177895933552e-16,1.7809792748602964e-15,262.11564929147056,72.44979977541466,12.691416374196086,56.34196140958285,141.4831775591936,0.0,0.0,0.0,0.0
dawn_dusk,夏至,summer,2026-06-21T01:15:30+00:00,4530.0,False,14.147967180273321,2.2945526918608177e-16,1.0206026837473533e-15,14.147967180273323,0.0,0.0,0.0,0.0,0.0,0.0,0.0,0.0,262.11564929147056,1.3664081226902598e-16,6.077697853959123e-16,262.11564929147056,72.02819879170058,12.666986014812338,56.34196140958285,141.03714621609578,0.0,0.0,0.0,0.0
dawn_dusk,夏至,summer,2026-06-21T01:16:00+00:00,4560.0,False,16.48045195409522,1.6896734584086653e-16,7.532710099248637e-16,16.48045195409522,0.0,0.0,0.0,0.0,0.0,0.0,0.0,0.0,262.11564929147056,2.0092227229217563e-16,8.957288298087254e-16,262.11564929147056,71.5305606010437,12.63814955495941,56.34196140958285,140.51067156558597,0.0,0.0,0.0,0.0
dawn_dusk,夏至,summer,2026-06-21T01:16:30+00:00,4590.0,False,18.79553899263058,8.45887744476477e-16,3.78097669248498e-15,18.795538992630583,0.0,0.0,0.0,0.0,0.0,0.0,0.0,0.0,262.11564929147056,5.931225352407099e-16,2.6511584973023424e-15,262.11564929147056,70.95741053961406,12.604937436101928,56.341961409582865,139.90430938529886,0.0,0.0,0.0,0.0
dawn_dusk,夏至,summer,2026-06-21T01:17:00+00:00,4620.0,False,21.090784353712397,1.0350801685727116e-15,4.640460065315546e-15,21.0907843537124,0.0,0.0,0.0,0.0,0.0,0.0,0.0,0.0,262.11564929147056,1.9363659086115308e-16,8.681094415267067e-16,262.11564929147056,70.30935365835778,12.567384718907746,56.34196140958285,139.2186997868484,0.0,0.0,0.0,0.0
dawn_dusk,夏至,summer,2026-06-21T01:17:30+00:00,4650.0,False,23.36376504121649,9.815810305388455e-16,4.415317828749308e-15,23.363765041216492,0.0,0.0,0.0,0.0,0.0,0.0,0.0,0.0,262.11564929147056,5.4600549292237954e-17,2.4560252414126404e-16,262.11564929147056,69.58707408426983,12.52553104623587,56.34196140958285,138.45456654008854,0.0,0.0,0.0,0.0
dawn_dusk,夏至,summer,2026-06-21T01:18:00+00:00,4680.0,False,25.612081562918803,1.0694421659168024e-15,4.828306631130832e-15,25.612081562918807,0.0,0.0,0.0,0.0,0.0,0.0,0.0,0.0,262.11564929147056,2.123534022060717e-16,9.587309839572313e-16,262.11564929147056,68.7913342981892,12.479420601287094,56.34196140958285,137.61271630905912,0.0,0.0,0.0,0.0
dawn_dusk,夏至,summer,2026-06-21T01:18:30+00:00,4710.0,False,27.833360463540693,1.5973110684152501e-15,7.240719251828937e-15,27.8333604635407,0.0,0.0,0.0,0.0,0.0,0.0,0.0,0.0,262.11564929147056,1.9801855422261165e-16,8.976315171981608e-16,262.11564929147056,67.92297432987925,12.429102060961629,56.34196140958285,136.69403780042373,0.0,0.0,0.0,0.0
dawn_dusk,夏至,summer,2026-06-21T01:19:00+00:00,4740.0,False,30.025256830308027,5.048747669368365e-16,2.2987061416184954e-15,30.02525683030803,0.0,0.0,0.0,0.0,0.0,0.0,0.0,0.0,262.11564929147056,1.469696535827164e-16,6.691561302852735e-16,262.11564929147056,66.9829108712429,12.374628544472891,56.34196140958285,135.69950082529863,0.0,0.0,0.0,0.0
dawn_dusk,夏至,summer,2026-06-21T01:19:30+00:00,4770.0,False,32.18545676837916,2.9193572273252084e-16,1.3355110714437088e-15,32.18545676837916,0.0,0.0,0.0,0.0,0.0,0.0,0.0,0.0,262.11564929147056,7.93824132631843e-17,3.63148746575414e-16,262.11564929147056,65.97213630860853,12.31605755727174,56.34196140958285,134.6301552754631,0.0,0.0,0.0,0.0
dawn_dusk,夏至,summer,2026-06-21T01:20:00+00:00,4800.0,False,34.31167984352856,8.834877157143423e-16,4.062319347226978e-15,34.311679843528566,0.0,0.0,0.0,0.0,0.0,8.376253926971437e-18,3.851442162646205e-17,4.689067555343349e-17,262.11564929147056,0.0,0.0,262.11564929147056,64.89171767510875,12.253450930340337,56.34196140958284,133.48713001503194,0.0,0.0,0.0,0.0
dawn_dusk,夏至,summer,2026-06-21T01:20:30+00:00,4830.0,False,36.40168148950738,1.2965129091648271e-15,5.993996144557227e-15,36.40168148950739,0.0,0.0,0.0,0.0,0.0,0.0,0.0,0.0,262.11564929147056,1.28395068687208e-16,5.93591888866758e-16,262.11564929147056,63.742795524257346,12.186874754919733,56.34196140958285,132.27163168875992,0.0,0.0,0.0,0.0
dawn_dusk,夏至,summer,2026-06-21T01:21:00+00:00,4860.0,False,38.453255377539804,1.93213709693045e-15,8.984549860354591e-15,38.45325537753981,0.0,0.0,0.0,0.0,0.0,0.0,0.0,0.0,262.11564929147056,1.7239787426293843e-16,8.016601407815459e-16,262.11564929147056,62.526582725913734,12.116399312740024,56.34196140958285,130.9849434482366,0.0,0.0,0.0,0.0
dawn_dusk,夏至,summer,2026-06-21T01:21:30+00:00,4890.0,False,40.46423574545349,1.1544780721602498e-15,5.401513388985968e-15,40.4642357454535,0.0,0.0,0.0,0.0,0.0,0.0,0.0,0.0,262.11564929147056,7.09276677712783e-17,3.318527708362823e-16,262.11564929147056,61.24436318590627,12.042099001826866,56.34196140958284,129.628423597316,0.0,0.0,0.0,0.0
dawn_dusk,夏至,summer,2026-06-21T01:22:00+00:00,4920.0,False,42.43249968398572,1.5835847868189968e-15,7.457529524612169e-15,42.432499683985725,0.0,0.0,0.0,0.0,0.0,0.0,0.0,0.0,262.11564929147056,1.5273507661382434e-16,7.192708295584851e-16,262.11564929147056,59.89749049066563,11.964052257962525,56.34196140958285,128.203504158211,0.0,0.0,0.0,0.0
dawn_dusk,夏至,summer,2026-06-21T01:22:30+00:00,4950.0,False,44.35596937785132,1.370216943644933e-16,6.497095740285612e-16,44.35596937785132,0.0,0.0,0.0,0.0,0.0,0.0,0.0,0.0,262.11564929147056,2.3692932159266858e-17,1.1234370536782547e-16,262.11564929147056,58.48738647829924,11.882341471884427,56.34196140958285,126.71168935976652,0.0,0.0,0.0,0.0
dawn_dusk,夏至,summer,2026-06-21T01:23:00+00:00,4980.0,False,46.23261429920687,2.7156485462518825e-15,1.2969761758461765e-14,46.23261429920689,0.0,0.0,0.0,0.0,0.0,0.0,0.0,0.0,262.11564929147056,1.6747050782814042e-16,7.998283102934796e-16,262.11564929147056,57.0155397376154,11.797052902308664,56.34196140958284,125.1545540495069,0.0,0.0,0.0,0.0
dawn_dusk,夏至,summer,2026-06-21T01:23:30+00:00,5010.0,False,48.0604533511953,1.175417550176112e-15,5.6562833797202225e-15,48.06045335119531,0.0,0.0,0.0,0.0,0.0,0.0,0.0,0.0,262.11564929147056,2.9331666311367304e-17,1.4114832353118137e-16,262.11564929147056,55.4835040366811,11.708276584870228,56.34196140958285,123.53374203113418,0.0,0.0,0.0,0.0
dawn_dusk,夏至,summer,2026-06-21T01:24:00+00:00,5040.0,False,49.83755695930852,1.5970890907701857e-15,7.7464108956436e-15,49.83755695930853,0.0,0.0,0.0,0.0,0.0,0.0,0.0,0.0,262.11564929147056,2.6923927304911376e-17,1.3058996209641832e-16,262.11564929147056,53.892896682573166,11.616106237076055,56.34196140958284,121.85096432923206,0.0,0.0,0.0,0.0
dawn_dusk,夏至,summer,2026-06-21T01:24:30+00:00,5070.0,False,51.562049108359744,1.1624120507453717e-15,5.684803941789592e-15,51.56204910835975,0.0,0.0,0.0,0.0,0.0,1.1390673000006454e-17,5.570635879811382e-17,6.709703179812028e-17,262.11564929147056,0.0,0.0,262.11564929147056,52.24539681405362,11.520639159371349,56.34196140958284,120.10799738300781,0.0,0.0,0.0,0.0
dawn_dusk,夏至,summer,2026-06-21T01:25:00+00:00,5100.0,False,53.23210932291563,1.519754631183472e-15,7.496597417946638e-15,53.23210932291564,0.0,0.0,0.0,0.0,0.0,0.0,0.0,0.0,262.11564929147056,1.4869599180933299e-16,7.334828697898447e-16,262.11564929147056,50.542743628971955,11.42197613242348,56.34196140958284,118.30668117097827,0.0,0.0,0.0,0.0
dawn_dusk,夏至,summer,2026-06-21T01:25:30+00:00,5130.0,False,54.84597458909732,6.396150036285264e-16,3.1834328024368284e-15,54.84597458909732,0.0,0.0,0.0,0.0,0.0,0.0,0.0,0.0,262.11564929147056,1.3601153800784048e-16,6.769440822177925e-16,262.11564929147056,48.78673454826548,11.320221310731988,56.341961409582865,116.44891726858033,0.0,0.0,0.0,0.0
dawn_dusk,夏至,summer,2026-06-21T01:26:00+00:00,5160.0,False,56.40194121572155,2.1175787679604465e-15,1.0637843298000018e-14,56.40194121572156,0.0,0.0,0.0,0.0,0.0,0.0,0.0,0.0,262.11564929147056,2.3948628500119217e-16,1.2030804286522958e-15,262.11564929147056,46.979223318496,11.215482112676938,56.34196140958284,114.53666684075577,0.0,0.0,0.0,0.0
dawn_dusk,夏至,summer,2026-06-21T01:26:30+00:00,5190.0,False,57.8983666328176,4.064692657975784e-16,2.0617163802430383e-15,57.8983666328176,0.0,0.0,0.0,0.0,0.0,0.0,0.0,0.0,262.11564929147056,1.2133036700008122e-16,6.154187440817256e-16,262.11564929147056,45.12211805492579,11.107869107121804,56.34196140958284,112.57194857163043,0.0,0.0,0.0,0.0
dawn_dusk,夏至,summer,2026-06-21T01:27:00+00:00,5220.0,False,59.33367112562065,1.1740862019247267e-15,6.0150347044252e-15,59.333671125620654,0.0,0.0,0.0,0.0,0.0,0.0,0.0,0.0,262.11564929147056,6.024139858496658e-17,3.0862648972252926e-16,262.11564929147056,43.21737922719884,10.997495896690426,56.34196140958284,110.55683653347211,0.0,0.0,0.0,0.0
dawn_dusk,夏至,summer,2026-06-21T01:27:30+00:00,5250.0,False,60.70633950221173,1.189472105453641e-15,6.157133609843438e-15,60.70633950221174,0.0,0.0,0.0,0.0,0.0,0.0,0.0,0.0,262.11564929147056,5.739028071552664e-17,2.9707264647215455e-16,262.11564929147056,41.26701758975362,10.8844789978414,56.34196140958285,108.49345799717787,0.0,0.0,0.0,0.0
dawn_dusk,夏至,summer,2026-06-21T01:28:00+00:00,5280.0,False,62.01492269304355,1.0292817515893864e-15,5.385095006299878e-15,62.01492269304356,0.0,0.0,0.0,0.0,0.0,0.0,0.0,0.0,262.11564929147056,1.8510585944157877e-16,9.684545925121518e-16,262.11564929147056,39.2730920591524,10.768937717866452,56.34196140958284,106.38399118660169,0.0,0.0,0.0,0.0
dawn_dusk,夏至,summer,2026-06-21T01:28:30+00:00,5310.0,False,63.258039280663695,2.21341564300898e-16,1.1708595310719481e-15,63.258039280663695,0.0,0.0,0.0,0.0,0.0,1.111531802483156e-17,5.879815700849393e-17,6.991347503332549e-17,262.11564929147056,0.0,0.0,262.11564929147056,37.23770754056747,10.650994028942637,56.34196140958285,104.23066297909295,0.0,0.0,0.0,0.0
dawn_dusk,夏至,summer,2026-06-21T01:29:00+00:00,5340.0,False,64.43437695801993,6.01796233560103e-16,3.219742935561886e-15,64.43437695801993,0.0,0.0,0.0,0.0,0.0,0.0,0.0,0.0,262.11564929147056,8.647874451620505e-18,4.6268040776048485e-17,262.11564929147056,35.163012705719865,10.53077243937132,56.34196140958283,102.035746554674,0.0,0.0,0.0,0.0
dawn_dusk,夏至,summer,2026-06-21T01:29:30+00:00,5370.0,False,65.54269391380909,1.5496984141596095e-15,8.388710023014177e-15,65.5426939138091,0.0,0.0,0.0,0.0,0.0,4.548616749477882e-19,2.4622227504754566e-18,2.9170844254232447e-18,262.11564929147056,0.0,0.0,262.11564929147056,33.05119772461447,10.40839986213991,56.34196140958284,99.8015589963372,0.0,0.0,0.0,0.0
dawn_dusk,夏至,summer,2026-06-21T01:30:00+00:00,5400.0,False,66.5818201434061,1.9963157880004696e-15,1.0937017419649224e-14,66.58182014340612,0.0,0.0,0.0,0.0,0.0,0.0,0.0,0.0,262.11564929147056,9.497580817882613e-17,5.203345456369453e-16,262.11564929147056,30.904491953467662,10.284005480944984,56.34196140958284,97.53045884399549,0.0,0.0,0.0,0.0
dawn_dusk,夏至,summer,2026-06-21T01:30:30+00:00,5430.0,False,67.55065868398962,1.064180918443306e-15,5.90270617978811e-15,67.55065868398962,0.0,0.0,0.0,0.0,0.0,0.0,0.0,0.0,262.11564929147056,9.620499257124285e-17,5.336214870375891e-16,262.11564929147056,28.725161581268157,10.157720613818437,56.34196140958283,95.22484360466942,0.0,0.0,0.0,0.0
dawn_dusk,夏至,summer,2026-06-21T01:31:00+00:00,5460.0,False,68.44818677256073,7.791910759302382e-16,4.377124671010672e-15,68.44818677256073,0.0,0.0,0.0,0.0,0.0,0.0,0.0,0.0,262.11564929147056,3.5729227340271506e-17,2.0070979673444473e-16,262.11564929147056,26.51550723745391,10.029678574500394,56.34196140958285,92.88714722153716,0.0,0.0,0.0,0.0
dawn_dusk,夏至,summer,2026-06-21T01:31:30+00:00,5490.0,False,69.27345692563162,9.66963929455302e-16,5.503087316018747e-15,69.27345692563162,0.0,0.0,0.0,0.0,0.0,0.0,0.0,0.0,262.11564929147056,7.407154294254639e-17,4.2154847355545275e-16,262.11564929147056,24.27786156323262,9.900014531705388,56.34196140958283,90.51983750452084,0.0,0.0,0.0,0.0
dawn_dusk,夏至,summer,2026-06-21T01:32:00+00:00,5520.0,False,70.02559793944516,1.2953546898284825e-16,7.470962205788649e-16,70.02559793944516,0.0,0.0,0.0,0.0,0.0,0.0,0.0,0.0,262.11564929147056,2.791612500253333e-17,1.6100633784991619e-16,262.11564929147056,22.01458674910795,9.768865366430308,56.34196140958284,88.12541352512109,0.0,0.0,0.0,0.0
dawn_dusk,夏至,summer,2026-06-21T01:32:30+00:00,5550.0,False,70.70381580966861,2.5833472983444993e-16,1.5104324650086322e-15,70.70381580966861,0.0,0.0,0.0,0.0,0.0,0.0,0.0,0.0,262.11564929147056,6.890976726683272e-17,4.0290188509579705e-16,262.11564929147056,19.72807204121281,9.636369527454779,56.34196140958285,85.70640297825044,0.0,0.0,0.0,0.0
dawn_dusk,夏至,summer,2026-06-21T01:33:00+00:00,5580.0,False,71.30739456959148,4.1966301436500306e-16,2.4882106934887383e-15,71.30739456959148,0.0,0.0,0.0,0.0,0.0,5.940803733721092e-18,3.522343135367651e-17,4.11642350873976e-17,262.11564929147056,0.0,0.0,262.11564929147056,17.42073121907984,9.502666885186436,56.34196140958284,83.26535951384912,0.0,0.0,0.0,0.0
dawn_dusk,夏至,summer,2026-06-21T01:33:30+00:00,5610.0,False,71.83569704594213,2.4070798157016017e-16,1.4477056606654355e-15,71.83569704594213,0.0,0.0,0.0,0.0,0.0,1.9403311793247516e-17,1.1669859942119632e-16,1.3610191121444383e-16,262.11564929147056,0.0,0.0,262.11564929147056,15.095000047514068,9.367898584005545,56.34196140958285,80.80486004110247,0.0,0.0,0.0,0.0
dawn_dusk,夏至,summer,2026-06-21T01:34:00+00:00,5640.0,False,72.2881655315254,5.723962201134419e-16,3.4931979013761766e-15,72.2881655315254,0.0,0.0,0.0,0.0,0.0,4.371214732670818e-18,2.6676483166859648e-17,3.1047697899530465e-17,262.11564929147056,0.0,0.0,262.11564929147056,12.753333705255738,9.232206893264618,56.34196140958284,78.3275020081032,0.0,0.0,0.0,0.0
dawn_dusk,夏至,summer,2026-06-21T01:34:30+00:00,5670.0,False,72.66432237397105,3.8859356447787493e-16,2.4070757862206006e-15,72.66432237397105,0.0,0.0,0.0,0.0,0.0,0.0,0.0,0.0,262.11564929147056,2.4438083086777214e-17,1.5137748907104678e-16,262.11564929147056,10.39820419314976,9.095735057100583,56.34196140958284,75.83590065983319,0.0,0.0,0.0,0.0
dawn_dusk,夏至,summer,2026-06-21T01:35:00+00:00,5700.0,False,72.96377047997188,2.7242946252557726e-16,1.7133440223672803e-15,72.96377047997188,0.0,0.0,0.0,0.0,0.0,0.0,0.0,0.0,262.11564929147056,3.6956866347075205e-18,2.3242649841972573e-17,262.11564929147056,8.032097724555536,8.95862714321779,56.34196140958283,73.33268627735615,0.0,0.0,0.0,0.0
dawn_dusk,夏至,summer,2026-06-21T01:35:30+00:00,5730.0,False,73.18619373447872,1.6186500612196787e-16,1.033869526474991e-15,73.18619373447872,0.0,0.0,0.0,0.0,0.0,0.0,0.0,0.0,262.11564929147056,1.2247023190806219e-18,7.822459202495055e-18,262.11564929147056,5.657512100753747,8.82102789080166,56.34196140958284,70.82050140113824,0.0,0.0,0.0,0.0
dawn_dusk,夏至,summer,2026-06-21T01:36:00+00:00,5760.0,False,73.33135733441001,1.6396490984854702e-16,1.0639199341707693e-15,73.33135733441001,0.0,0.0,0.0,0.0,0.0,0.0,0.0,0.0,262.11564929147056,9.685799504629739e-18,6.28482958998697e-17,262.11564929147056,3.2769540741208703,8.683082557723525,56.34196140958285,68.30199804142725,0.0,0.0,0.0,0.0
dawn_dusk,夏至,summer,2026-06-21T01:36:30+00:00,5790.0,False,73.39910803652391,1.5639550126177967e-17,1.0312105913468577e-16,73.39910803652391,0.0,0.0,0.0,0.0,0.0,0.0,0.0,0.0,262.11564929147056,3.0437034730499662e-18,2.006898685068113e-17,262.11564929147056,0.8929367018531459,8.544936767197802,56.34196140958282,65.77983487863376,0.0,0.0,0.0,0.0
dawn_dusk,夏至,summer,2026-06-21T01:37:00+00:00,5820.0,False,73.3893743191908,0.0,0.0,73.3893743191908,0.0,4.893972671697311e-17,3.246552669793956e-16,3.735949936963687e-16,0.0,3.2895766190421937e-18,2.1822319966775136e-17,2.511189658581733e-17,262.11564929147056,0.0,0.0,262.11564929147056,0.0,8.493194087802147,56.34196140958285,64.835155497385,1.4920233069641509,0.0,0.0,1.4920233069641509
